Fitting parameter,mpox,included_articles,mpox_covars,included_articles_covars
R²,0.48727486139957743,0.5397454950381422,0.7461836126405911,0.79483404744514
Adjusted R²,0.48624114136207663,0.5350681118576355,0.7446422175756554,0.7919031052657848
AIC,5828.799923606509,5783.035693589032,5482.641787092323,5384.67139853614
BIC,5841.4317238375825,5812.509894128205,5503.694787477447,5422.566799229362
